Age,Education_Level,Years_of_Experience,Industry,Location,Working_Hours_per_Week,Marital_Status,Job_Role_Level,Income
56,3,16,1,3,36,1,2,85897.69855107121
69,3,49,3,3,54,1,4,130573.12369379622
46,3,39,1,4,56,2,3,112050.21830585496
32,4,44,4,5,38,1,3,98335.61080754813
60,1,31,3,5,48,2,2,78576.5898071955
25,3,28,5,2,26,1,1,61299.48453200608
38,1,2,4,5,47,2,2,61070.78295485651
56,4,39,5,5,28,1,3,119548.92145291844
36,2,33,2,3,47,1,2,76754.04253944046
40,3,39,4,3,25,2,4,104498.88798944073
28,1,26,2,2,48,2,1,45893.769308832605
28,1,12,4,1,36,2,2,62932.96490162233
41,3,44,4,2,35,2,4,114194.66446962049
53,2,32,2,2,42,1,3,99401.59563792424
57,2,5,3,4,50,1,2,82251.4765509152
41,2,23,1,4,22,1,3,88445.5803412096
20,4,18,5,2,40,2,4,105619.26955031339
39,1,15,4,2,45,1,3,71412.44176616282
19,1,39,5,2,55,1,4,87368.48857924023
41,1,27,2,5,56,2,4,97936.87005222778
61,4,32,5,4,41,2,4,126478.59344601679
47,1,47,2,2,31,1,2,68670.27594288136
55,4,40,5,3,32,2,3,115483.86785884546
19,2,12,1,3,30,1,3,80499.12302491325
38,3,42,1,5,35,1,1,77465.6772758413
50,1,44,1,5,27,2,1,53229.565850670566
29,1,24,1,1,59,1,1,49685.08604205249
39,2,41,1,1,59,2,1,67320.60622124783
61,3,35,1,1,21,2,3,100783.65221998034
42,4,26,2,5,49,1,4,121026.04041552637
66,3,37,4,5,49,1,4,124299.81280196813
44,2,6,5,5,31,1,2,70041.8373819142
59,2,4,1,3,29,2,4,100613.09316309095
45,3,42,2,5,30,1,3,108756.96774174401
33,4,44,2,3,34,2,3,104581.48441949743
32,4,30,2,1,35,2,3,103498.35528150132
64,1,22,4,1,36,1,2,75506.17643861636
68,4,41,5,1,45,2,1,98424.91574816332
61,3,9,4,2,21,1,4,113847.5236618385
69,2,31,3,2,31,1,3,101676.75298048882
20,1,42,2,4,45,1,3,71548.78263449608
54,1,29,3,4,42,1,1,56803.834289517894
68,2,38,1,4,37,1,3,102119.37746373679
24,4,30,1,2,51,1,4,117451.60937674929
38,2,17,4,2,57,1,2,74050.9168430998
26,4,35,5,4,22,2,3,100108.9095630063
56,2,1,3,4,57,1,4,105585.18500363178
35,3,13,5,5,22,2,3,91486.97565366958
21,4,12,4,4,49,2,1,75043.25457506905
42,3,28,1,5,20,2,3,94729.2469512539
31,1,11,5,3,49,1,3,66493.32348453952
67,2,38,5,2,51,2,2,86656.42335662562
26,1,1,1,4,47,2,1,47338.432063681794
43,1,31,3,2,40,1,1,59551.252239855334
19,1,12,1,2,32,1,2,53946.82342168763
37,1,45,5,2,46,2,3,84456.01763931337
45,2,26,3,3,55,1,4,103142.22008187056
64,1,48,3,1,26,1,1,64375.61791117225
24,2,40,1,4,41,1,1,53247.96295100981
61,2,16,5,1,29,1,3,88603.25001707251
25,3,39,4,1,58,2,3,101060.79344275166
64,4,30,5,1,34,1,1,92634.27572122926
52,4,33,2,2,34,1,3,118974.29534605444
31,2,23,4,5,23,1,4,90615.57084809674
34,3,44,3,2,51,2,1,72068.79395878788
53,2,34,4,2,42,2,4,102128.17601224929
67,2,47,3,1,25,1,4,111709.22821506124
57,2,5,3,2,43,1,3,99041.19391453145
21,3,18,4,1,39,2,4,92528.94960110093
19,4,29,3,5,56,1,3,110283.73410739825
23,3,6,3,4,39,1,2,68346.96286265178
59,1,9,2,1,31,2,3,85699.74985325623
21,3,40,5,5,52,1,4,103573.74352872506
46,3,31,5,4,47,1,2,88647.20208736908
35,3,33,2,3,27,2,3,87792.89611437432
43,3,27,4,1,20,2,4,107408.0350862438
61,4,14,1,1,56,1,1,87908.57001816998
51,1,29,1,3,41,2,1,51042.114501162796
27,4,36,1,3,25,1,3,101047.99339108725
53,4,28,2,1,40,1,3,110922.88446582122
31,3,21,2,3,51,1,1,77771.74258062491
48,2,3,3,2,54,2,4,105700.10857546411
65,2,19,1,4,34,2,4,117887.16090668386
32,4,31,4,4,24,1,4,110395.58547746051
25,4,35,4,4,25,1,3,99930.68870065644
31,3,49,1,2,44,2,2,72796.64520159474
40,4,3,1,3,59,2,2,92040.98809656638
57,3,26,1,5,48,2,2,95392.4917401234
38,2,16,2,3,26,1,2,70870.24038850886
33,2,11,2,1,59,2,2,71338.15794729163
62,1,21,2,4,32,2,3,86332.96285875834
35,2,16,5,3,57,1,3,71683.78682918294
64,4,9,4,5,37,1,2,104631.1091804099
41,2,0,4,1,21,1,3,82067.19945965019
43,3,21,3,2,27,2,3,102440.12701314426
42,2,25,2,2,30,1,2,76343.69029638465
62,1,17,5,5,52,1,4,99546.31466643381
58,2,49,5,1,57,1,3,108874.70961115486
46,3,13,4,4,46,1,4,98713.32887700261
32,3,46,2,3,39,2,3,94475.25734686428
62,4,28,3,1,31,1,3,113420.95009970645
18,2,11,2,2,50,2,2,62527.39100084345
42,3,35,1,5,46,2,3,89906.53593885418
24,1,34,2,5,51,2,1,55048.178311218595
26,4,11,1,3,29,1,1,70300.95050157877
41,1,6,1,5,22,2,2,60593.98345579467
18,2,28,3,5,46,1,4,90615.45612529948
61,2,10,4,1,54,1,4,114912.44947438475
25,2,32,2,4,50,1,4,85090.24932562976
41,4,5,1,3,34,2,1,79161.60582734906
28,3,46,2,1,35,1,4,112180.8913035243
68,4,14,4,4,32,1,4,129110.06776639655
34,1,31,4,1,54,1,2,60543.65303430849
25,4,10,5,1,30,2,4,103980.54942172107
52,1,22,4,5,40,2,1,56435.289990967976
52,4,25,3,4,30,2,1,83894.74985238505
50,3,33,1,3,49,1,1,80185.9444146632
22,1,45,5,3,54,2,2,69641.23701592501
59,2,33,3,4,41,1,2,83263.17617231258
56,2,28,2,5,57,1,3,95711.630128605
58,4,3,1,2,50,2,4,127398.90292025157
45,2,16,4,1,33,1,2,73775.89818018062
24,1,34,1,5,43,2,1,40604.07433327559
26,2,12,2,4,51,1,1,54744.05781110489
25,3,40,5,1,55,2,2,82255.54283801538
29,3,38,5,3,51,1,2,88628.39172719077
51,4,14,5,2,34,1,2,92539.2380089867
50,1,28,4,3,54,1,3,89611.59741377721
65,3,28,3,4,22,1,1,82910.84593950029
40,3,10,3,1,35,1,3,87710.29164542502
41,1,31,1,4,24,2,3,69756.10843961536
54,2,1,4,1,40,1,4,110871.94263954266
52,2,46,5,5,29,2,1,70750.4198858228
61,4,13,5,2,38,2,1,95482.52058365244
57,2,19,2,5,44,2,2,74359.40302695935
39,1,21,2,5,23,1,2,74338.4744398195
44,3,10,5,4,48,1,4,113666.22314183564
52,2,26,5,2,38,1,3,91622.79892922395
18,4,2,4,1,21,2,2,75019.17071072245
52,2,16,3,1,29,1,2,81222.99064151497
54,1,43,2,3,44,1,1,67585.90843362524
64,4,27,3,1,39,2,1,96162.6464019872
31,2,28,4,4,38,2,2,70854.39379101116
20,4,20,5,5,42,2,1,75105.33542012959
18,1,46,3,5,43,2,4,73941.48223459911
22,3,15,5,5,30,2,2,70643.62643692874
43,1,36,5,2,53,2,1,50415.68070853577
31,1,19,1,1,47,1,4,87372.96172351252
56,1,5,3,4,24,2,1,51220.9301448334
44,1,18,3,2,24,1,1,43342.109606604114
26,3,4,5,3,40,1,1,57831.06737990515
32,3,2,4,4,31,1,2,75796.78100732893
32,4,0,1,4,23,2,3,94423.85808722094
43,2,37,5,4,39,1,1,60884.21720483613
59,3,14,2,5,57,2,4,110325.65699134691
30,3,33,2,4,44,2,2,82569.66393515251
68,2,34,1,1,33,1,2,86846.1594662477
49,3,48,4,4,30,2,4,115309.59645067975
56,1,24,5,5,51,1,1,61651.5740625585
66,1,23,3,4,30,1,3,90250.3284358766
69,2,11,1,3,37,2,1,78484.73250884957
49,4,17,4,3,46,1,4,123532.54600479221
21,4,14,3,5,37,1,2,81247.68725120179
47,2,43,2,1,42,1,3,94523.81769047902
54,2,15,2,1,30,2,2,76803.81516370189
40,1,26,3,2,40,1,4,80987.2332318344
56,4,7,1,5,24,2,1,90459.73085644787
62,3,45,2,4,42,2,3,116817.19431243902
32,1,24,5,5,44,1,2,71341.66996790298
60,2,16,3,2,29,1,2,92952.49653238805
46,4,28,3,5,41,2,2,92869.8993387362
53,3,7,2,5,38,2,1,73923.00039810585
30,3,14,1,2,20,1,3,99357.69798435071
49,1,26,5,1,26,1,1,55397.24692208882
24,4,45,1,4,23,2,1,77671.05451273375
68,4,49,4,2,20,2,1,91194.3502415271
39,2,6,4,3,34,2,4,94551.44315788387
45,4,2,2,1,59,2,4,129409.70187379545
19,4,28,2,3,31,2,4,114183.12905051764
59,1,43,2,1,41,1,3,87200.07689240728
62,4,23,4,4,41,2,1,91768.41816715791
23,3,2,1,4,36,2,1,53645.498537528685
45,1,19,1,5,48,1,4,87244.18429875147
45,1,45,2,3,33,1,1,48898.94035606765
61,2,14,5,1,39,2,1,70725.90162670129
61,4,24,1,4,52,2,2,114650.55339965205
37,2,29,4,2,34,1,1,63177.159620468745
47,3,13,3,4,31,2,2,91581.19494982866
28,1,6,3,2,59,2,1,51416.24700462999
45,1,16,3,1,39,1,3,74815.95955213686
42,1,43,5,4,49,2,4,91152.46669296776
56,3,19,2,4,57,1,2,90744.07721574273
50,3,35,4,1,22,1,4,104714.69025778976
18,2,8,5,4,47,1,2,61811.65116397788
44,2,37,4,2,45,1,2,65627.67801711457
69,2,47,4,4,49,2,2,98207.07754643193
30,4,21,2,3,32,1,3,100359.40467859438
58,1,1,3,5,32,2,1,58357.1993324742
20,1,23,2,2,21,2,2,57035.08141474068
56,2,7,5,3,56,2,3,94793.97294169427
23,1,10,5,1,57,2,2,64207.85868827378
25,2,12,5,2,21,2,1,53159.72905476105
44,4,16,2,5,55,1,2,93664.36576591975
26,4,7,4,5,45,1,3,95961.44478927061
54,3,20,4,1,30,1,1,66193.54486624931
50,4,17,1,1,27,1,3,103939.04779763917
68,2,29,5,2,59,2,1,78745.01797033305
59,4,17,4,4,41,1,1,93781.36804778833
61,3,45,1,1,39,2,4,119598.19485729095
41,1,46,4,4,27,2,4,85518.67993032785
32,2,30,5,3,48,1,4,87762.34048495936
49,1,37,3,5,59,1,1,59767.91240703341
49,3,31,5,4,45,1,2,101204.25901183965
41,3,10,2,5,49,1,3,97205.53517448517
58,3,44,4,4,36,2,3,113897.89706177589
69,1,24,4,3,39,2,3,86649.72883667875
66,1,32,2,1,35,1,4,94782.7511994889
66,1,37,2,3,26,2,1,60194.612679559665
69,1,40,3,1,35,2,4,105264.34445421181
29,3,7,4,1,46,2,2,66829.35578260371
56,3,10,4,5,42,1,1,73267.04791795115
19,2,21,3,3,43,2,3,73218.19657014353
20,2,23,1,4,28,1,4,80195.37346968349
66,1,40,3,3,54,1,4,96481.58491337585
54,4,16,5,5,39,2,2,101498.26849104879
66,4,11,4,1,56,2,2,107829.35722442283
34,3,45,2,5,36,1,4,113295.14933815064
66,3,31,5,2,50,2,2,95147.87125373779
19,3,14,4,2,27,2,3,86149.61371523736
19,2,15,3,4,34,1,2,69246.52097243443
45,2,21,5,5,50,1,2,79511.07366118427
40,3,27,4,4,49,1,4,107700.31852776669
54,3,19,1,4,39,1,4,115375.40324754622
49,3,32,1,2,58,2,1,78311.06305352211
50,4,9,2,4,31,2,1,79328.58221160625
18,2,39,4,2,36,1,4,93616.30194751662
36,4,31,1,1,49,1,2,94854.748401064
19,4,49,3,5,48,1,2,96525.47826725015
61,3,32,4,4,38,2,1,82387.88505378216
43,3,1,3,2,30,1,1,66494.12709664994
49,1,32,3,3,53,2,1,58017.445023842636
23,1,32,1,4,26,1,3,62199.08280656397
49,4,40,4,1,53,1,3,120522.12449308296
21,2,12,5,1,39,1,1,61678.55832307077
28,3,29,1,3,57,2,2,80438.86380716924
34,3,32,1,2,43,2,1,68447.52028162497
55,4,12,4,4,29,2,3,106523.38258146455
41,1,25,4,2,51,1,2,63751.3338619981
22,2,21,3,1,34,2,3,84548.91843120402
69,1,38,4,2,56,2,2,80907.59740120055
51,1,1,3,1,39,1,3,74623.6659955523
23,1,37,1,2,22,1,2,49998.22873924514
39,1,38,2,3,56,2,2,70968.24386931535
28,3,25,5,5,59,2,2,81513.85218924507
65,3,45,1,3,27,2,2,93864.1061209872
33,1,49,4,3,59,2,4,88685.8520134096
50,2,14,5,5,42,1,3,97764.6668526778
26,4,33,2,5,59,1,3,104613.53878134384
23,2,41,2,4,30,1,4,92708.4269772365
33,2,43,3,4,27,2,2,73678.2691251303
46,2,48,5,3,48,2,2,90773.12694105587
20,1,39,3,3,49,1,3,65923.92818839644
37,3,10,1,1,29,1,4,100868.02239911773
53,2,2,5,1,58,2,2,78755.17396668745
36,1,5,1,4,47,2,2,51444.12087355138
43,2,8,3,4,55,1,2,70769.29241709328
20,2,5,5,1,32,1,1,53033.37413640469
36,1,8,3,1,51,1,4,89051.06748165059
37,3,38,5,2,55,2,2,93035.33437551015
49,3,30,3,2,56,2,1,77954.548887343
24,4,31,2,1,45,2,4,110621.52379940581
69,1,40,3,2,41,2,2,73709.67252480984
58,4,49,2,5,23,2,3,122909.67271158154
50,4,11,3,4,50,2,1,92183.26134383048
57,4,7,5,4,37,1,1,92869.60483267804
56,3,7,5,1,57,1,2,99970.4562673862
35,1,49,5,3,43,2,2,69860.54296744952
57,4,27,4,1,42,1,1,99984.40918273346
18,1,19,1,2,41,2,3,63947.62695421061
28,1,46,5,3,21,1,3,63514.94817497225
45,3,6,2,2,50,2,4,113503.62338620059
42,4,10,5,5,30,1,2,82480.55436995652
67,4,19,4,2,47,1,3,121201.01024746682
40,1,15,2,5,51,2,4,93426.61901062127
48,2,3,4,5,24,2,3,85821.29398017598
47,3,5,2,2,57,1,2,98441.21535291137
59,3,21,3,2,29,1,4,106220.3550292651
52,3,25,1,5,59,2,4,117435.69663732042
24,3,2,1,3,43,1,4,96937.27732626328
33,4,40,4,5,54,2,3,101879.48591908794
43,4,41,1,4,42,2,2,94231.33604637856
65,2,13,4,5,36,1,4,104274.356945867
69,3,10,4,3,20,2,1,76001.76352975369
66,3,17,4,4,50,1,2,97360.02674918066
19,1,11,1,1,50,1,1,38185.1754992392
18,4,22,4,1,53,2,1,74939.54192047837
65,3,11,1,3,28,1,4,120147.15233101531
29,2,12,4,5,41,2,4,93958.89479859444
22,2,24,5,2,32,2,3,74549.36877407623
54,4,44,4,3,44,2,3,119822.37814732236
49,2,18,2,4,37,1,3,94825.64458088367
26,2,45,4,4,31,2,2,72877.82290638745
58,4,35,3,1,59,1,3,130144.8884722171
52,3,44,4,4,36,2,1,87110.89493383344
36,3,7,2,3,34,2,3,99092.0353632423
65,2,28,2,4,34,2,4,98738.28436034967
33,2,31,1,3,34,1,3,84283.38060570117
20,3,43,5,2,58,1,2,79680.33749523891
37,4,17,4,1,32,2,2,90075.10134842893
41,2,5,1,4,36,2,1,54875.2028994793
50,1,17,5,3,51,1,2,72030.9970019209
41,4,18,4,5,28,1,3,95258.21783791293
69,2,21,3,1,59,1,4,117567.18431435645
28,2,36,4,2,39,2,2,67191.4438990973
66,1,31,2,3,45,1,1,65448.06954939783
25,1,40,2,2,46,2,3,75592.50884782869
53,3,2,3,2,40,1,1,75293.88863933166
55,4,27,1,4,37,2,2,107719.60455703226
57,4,9,5,4,32,2,2,94252.48247077005
37,3,34,4,3,35,2,1,72146.47173891436
52,4,28,2,5,28,1,3,116243.86558505576
65,4,14,1,3,31,1,2,105755.998718757
42,4,32,3,5,57,1,4,126077.97126731399
52,4,6,2,2,38,2,2,102440.21429191617
42,4,11,3,1,26,2,3,101068.78775565236
46,1,48,4,3,54,1,2,71615.84561438864
35,4,29,5,3,37,2,1,83729.52218466168
63,1,20,2,5,35,2,2,74002.84256994455
35,4,30,2,2,58,2,2,101811.01783848858
19,3,23,4,2,23,1,3,85398.86718557528
52,2,19,1,5,44,2,1,65283.24659854869
33,1,36,5,2,51,1,3,79041.9201340557
58,4,3,2,4,59,1,2,97936.50167888733
53,3,27,5,1,32,1,4,119434.64234178528
50,2,43,2,3,36,1,2,76014.23846725925
21,1,19,5,1,56,1,3,74810.32637098093
50,2,23,3,3,25,2,4,102954.38255592289
31,3,49,2,4,38,1,3,96177.19515188663
38,1,48,5,2,32,1,3,83216.67075466938
65,2,31,1,5,45,1,1,80006.63322081178
37,4,40,3,4,33,2,4,126101.9084282903
25,1,35,3,1,50,2,2,67605.30869176734
24,2,33,1,5,23,2,3,79811.45222083143
20,3,35,5,2,58,2,2,75341.14655979212
34,3,1,4,4,27,1,1,60542.45499776879
50,1,14,1,5,44,1,1,56041.76557094176
65,2,33,5,4,32,2,4,117308.60847197547
29,1,35,1,4,51,2,1,48868.06769331262
68,1,5,1,2,57,2,1,63685.29739784932
39,2,38,2,3,57,2,2,88891.75314633714
39,2,41,5,5,47,1,1,66228.50744311136
63,4,11,4,2,49,2,1,89876.34054866698
47,2,2,2,4,22,2,3,87083.23014197074
55,3,44,1,2,47,2,1,85069.32858520208
55,1,17,1,3,22,2,3,73252.00418283217
62,1,39,1,5,53,2,1,73954.57041403686
68,3,20,5,3,35,2,1,81514.80339650363
25,2,14,5,1,41,2,4,89667.92799194789
44,3,32,2,5,51,1,4,113709.30443106322
44,3,34,4,3,57,1,3,104500.50586734932
51,4,25,2,4,27,1,1,75594.62963717668
38,3,7,3,5,27,1,2,76774.50260600382
47,1,35,1,5,25,1,4,97874.18530057851
50,3,47,1,2,33,1,2,99677.22759945827
45,1,29,1,4,51,2,4,88993.5480917984
64,1,22,2,1,54,2,4,107102.99121355909
50,1,41,2,3,29,1,1,55742.85122787208
22,2,43,1,2,22,2,4,89027.33870306358
65,4,13,2,3,31,1,2,102140.07816770374
36,1,13,5,1,50,2,4,86644.01854852703
21,1,1,5,1,48,2,3,68906.8322814543
52,2,36,2,5,24,2,1,70122.92268014555
66,1,4,1,1,44,2,1,61769.341198380775
34,3,37,2,3,50,2,3,102736.55616519108
61,3,44,2,4,40,2,3,107286.69304883142
45,4,40,2,4,39,1,3,111963.91278266025
47,1,46,3,5,58,1,4,104378.90614188764
46,2,13,5,3,41,2,1,66396.53105895287
63,3,38,4,3,23,1,3,106218.48011277543
23,2,24,4,1,32,2,4,81535.21616699867
52,2,19,3,3,39,1,3,93204.29095397405
58,3,1,2,2,32,2,2,80106.62399048505
54,2,38,3,1,36,1,2,82937.49317654417
41,3,5,3,2,55,2,1,77644.74199618334
46,2,16,1,5,52,1,4,104983.79323150925
66,3,24,5,4,20,2,2,84681.73010993916
63,1,27,4,5,34,1,2,77002.25752170158
48,4,1,2,4,32,2,4,115404.15042698703
52,3,34,4,5,36,2,3,97831.41299637275
50,3,36,4,3,43,2,4,118325.10647901052
69,4,4,5,2,27,1,3,112891.31075604637
38,3,0,4,4,46,1,2,77472.32980680252
49,3,39,4,1,42,1,2,93220.2255921336
40,2,11,3,2,27,2,2,67120.57734549258
50,4,35,5,1,27,1,1,88528.67916933281
20,1,44,1,2,45,2,1,44583.37555185033
35,3,22,2,2,32,1,1,66007.69269688729
42,4,46,4,5,58,1,4,131864.64884647765
59,2,30,2,4,56,1,2,93373.35818190138
48,1,10,1,4,47,1,2,58506.728764286876
20,4,9,2,2,44,2,4,110135.36421923277
57,1,2,1,3,35,1,1,63142.955023130526
63,1,13,3,3,21,1,4,103036.88408701788
41,1,15,4,1,37,2,1,53651.898629425596
67,3,9,1,1,36,2,2,89413.01071128051
49,3,28,2,5,49,1,3,106599.90420173768
64,2,9,4,2,58,1,1,70153.73822392042
39,2,11,3,1,32,2,2,68785.17416921673
40,4,29,4,1,51,2,2,99365.4107852241
19,2,40,1,2,48,2,3,76676.2032669063
44,1,0,3,5,49,1,2,57617.99846641108
59,1,4,2,1,37,1,2,72178.86659245411
19,3,19,3,5,32,1,1,69436.12102156157
43,1,7,3,4,40,2,1,57116.171652397315
34,4,42,5,5,49,2,3,112285.93092525048
57,1,11,3,3,40,2,3,87595.92717794867
50,1,0,3,3,36,1,2,67588.59748590959
26,4,19,4,5,59,2,1,79899.50114704696
60,2,27,2,3,38,1,3,101593.08919799323
65,2,42,4,4,34,2,3,95158.18453972989
56,4,36,4,2,28,1,4,128397.42649721456
46,3,46,1,3,29,1,3,102145.25896878078
59,1,36,4,3,50,2,2,78594.51415572282
43,4,11,5,5,42,1,1,79693.13892626605
52,1,36,5,4,49,2,3,89152.43922387116
67,3,48,1,2,52,1,4,124810.35995156197
42,1,48,2,5,28,2,1,54130.72535303983
41,4,43,2,5,20,2,3,104830.6004317395
30,1,27,4,4,54,1,4,90819.73318634935
24,2,46,4,2,30,2,3,81641.38248395403
53,3,14,4,4,53,1,1,76945.83830101618
62,3,5,2,2,35,2,1,77382.8515249191
37,3,43,3,4,28,2,1,73319.40308340204
18,4,19,5,5,51,2,2,92560.87459434927
25,3,49,3,5,34,2,3,87217.39831826664
63,2,13,3,1,31,1,2,86127.54998839893
33,4,1,2,3,52,2,1,78859.31169015504
31,2,8,3,4,33,2,4,85635.17300776612
29,1,36,1,1,27,1,3,79084.36645077344
68,1,19,4,3,27,1,2,78546.40225440338
40,1,25,1,4,46,1,3,75361.33348385122
32,1,28,5,2,31,1,4,74952.9333702687
45,2,0,4,3,20,1,2,70645.73417249556
51,4,34,3,5,59,1,1,92926.27207622008
19,4,5,5,1,30,2,2,73846.43534366941
49,3,36,4,3,58,1,3,101181.92794932182
40,2,4,3,3,50,2,3,88642.54933559752
39,1,32,1,5,36,1,3,67521.52546339502
68,2,48,4,4,52,2,3,108971.41377536517
42,3,13,3,2,51,2,1,72312.81512344569
39,3,11,1,5,48,2,2,85385.7741417672
39,2,41,5,2,40,1,1,64228.47495069899
66,2,19,5,4,40,1,1,76266.37482630157
69,2,49,5,3,59,1,1,81436.12577735646
59,4,23,5,2,42,1,3,116153.97541913316
23,1,42,2,1,25,2,3,72095.41939075371
32,2,33,4,1,41,1,3,85504.35935637735
60,2,24,4,5,57,2,2,89251.53421200773
54,2,49,2,4,56,2,4,108560.39350274176
50,3,28,3,5,27,1,3,97696.62719057575
25,3,38,3,5,54,1,2,79333.30080392027
61,4,30,5,5,30,1,3,115617.55122206623
61,1,46,1,1,43,2,3,98942.91434808914
22,4,42,3,1,40,1,1,75629.1062223215
56,1,49,1,5,21,2,1,57232.2027011725
21,3,22,4,1,59,1,1,68458.22843925297
23,3,43,1,4,38,2,2,86533.2171571724
62,3,37,4,5,58,1,4,118793.94074073846
49,4,19,2,1,47,1,4,133214.05377359045
69,2,22,2,2,36,2,2,90375.88301161535
47,2,44,5,5,25,1,3,97219.45394534196
64,3,15,3,5,38,1,2,102035.35817521658
52,2,49,5,4,57,1,3,105213.08821353871
57,2,41,4,3,47,1,2,87197.3220149616
69,4,7,5,3,21,1,2,109138.49072095708
33,1,49,1,4,57,1,2,70122.9988493546
30,3,20,4,4,56,1,4,110852.4236245382
67,3,0,2,4,23,2,1,84949.37741890342
59,4,7,3,3,41,2,2,95595.51705013616
47,4,28,4,4,45,1,4,127821.50565988504
36,2,31,4,1,55,1,1,63540.540407433145
34,3,37,1,5,32,1,1,71890.95318392008
36,1,4,3,5,51,2,2,61085.46374421399
45,4,46,2,2,36,2,3,113534.85108787678
43,1,21,4,2,55,1,3,87567.6265611452
54,1,46,4,5,38,2,3,81067.76186552968
43,3,33,1,1,54,1,2,81588.28321565107
40,3,0,5,3,59,1,3,85183.54964167213
26,4,25,2,3,47,1,4,118395.72131967956
29,3,42,3,1,20,1,4,100032.8125406617
18,3,9,4,3,37,2,4,95010.93234757443
18,3,29,4,4,59,2,4,101076.4143793771
64,1,49,2,5,52,1,1,67168.1242968001
51,4,17,5,5,31,2,4,125807.3861877785
49,2,16,4,1,27,2,3,87112.68515891308
65,1,25,2,3,43,1,2,76761.32461480808
42,3,7,1,2,35,2,3,94814.35653870125
57,1,46,5,2,23,1,4,102753.86042419108
62,3,39,3,3,57,1,1,84555.11878232776
18,3,48,4,2,46,1,4,107864.59173666644
33,1,11,2,1,28,1,2,64149.26759886675
56,4,26,1,1,35,2,3,107319.38815619412
22,3,7,3,3,31,1,2,72441.49489563916
39,4,24,2,2,50,2,2,94275.38893821336
46,2,45,2,1,43,1,2,85946.1529036007
20,3,3,3,1,33,1,3,75466.70393736575
29,4,32,1,4,44,2,4,123644.69112821788
43,4,0,1,4,53,1,2,85410.52596785466
33,2,18,5,1,22,2,3,78178.59530111733
68,4,30,4,3,43,2,1,100621.4803799768
54,4,15,3,5,28,1,3,106768.31576532588
39,2,13,3,5,45,1,1,56632.99225771481
46,3,47,3,1,39,1,3,105361.17818315262
31,4,4,1,1,59,1,4,113538.7995999554
45,4,40,4,1,29,1,2,98879.69084707575
22,4,25,5,3,38,1,4,113993.44255732813
64,1,27,2,4,22,2,3,84727.63653285989
66,2,1,2,1,43,2,2,85247.96324897502
47,1,49,3,1,24,1,1,56366.98595862093
63,2,5,4,2,22,2,3,87553.35257085296
69,3,8,1,3,46,2,2,95576.20685754991
22,3,32,4,1,35,1,1,62156.174064031846
29,4,40,4,2,34,1,1,77355.98099418609
33,2,24,1,5,54,2,4,103226.63708901081
43,3,47,3,1,31,1,3,100279.48272982222
43,2,12,4,1,45,2,1,59335.46663860067
65,3,8,2,2,53,1,2,96190.39387023995
38,1,12,1,3,42,2,1,50221.139695642036
56,3,30,5,1,50,2,1,77565.59385202965
53,1,40,3,5,39,2,4,96857.96864038079
50,3,10,1,1,31,2,4,107956.57837950702
47,4,3,5,5,42,1,2,93539.27863145764
54,1,33,5,4,23,1,4,98677.64186518993
40,3,37,4,4,42,2,1,76383.3593558144
27,4,45,4,5,20,2,1,83639.68673692665
22,1,3,4,3,44,1,4,76141.69822055592
53,4,37,1,1,21,1,1,97930.43640190033
51,2,18,1,1,49,2,1,66146.12493134174
69,2,5,3,4,22,2,2,78952.18809417437
48,1,33,4,5,40,2,4,97336.51337388487
27,3,17,5,1,44,2,1,72320.40968732508
36,1,12,2,1,39,2,4,77355.98347707387
49,4,40,3,3,41,1,2,101665.04675892842
18,3,22,1,2,40,2,4,94346.09027457064
22,2,18,3,4,52,1,1,55114.2550649604
62,3,44,3,4,57,1,4,126400.08961749703
21,2,10,3,2,34,1,1,56326.9062381386
33,3,0,3,1,34,2,1,63057.97603562608
41,3,23,2,3,44,1,1,80573.92049485115
33,3,6,4,3,40,1,2,76124.49831990658
19,4,24,5,4,43,1,4,113382.40937552608
66,4,20,3,3,24,1,2,105743.3151406836
45,1,14,3,2,25,2,4,95699.42699341722
49,1,0,3,1,42,2,2,57414.92568592786
44,2,11,4,2,23,1,3,77830.71141120087
37,4,6,1,5,46,1,1,87758.11142329194
41,2,14,1,4,37,2,1,57183.67453256823
29,1,20,2,3,40,2,2,55150.983209620696
67,2,18,1,5,47,2,3,95771.38207250072
52,1,28,3,3,54,1,1,67442.22978266861
50,4,24,3,1,41,2,4,117682.71193387438
50,3,32,3,1,59,1,2,94362.25206138831
68,4,48,2,1,42,1,1,100571.89089109731
60,2,31,3,3,22,2,1,76682.57791752217
54,2,48,1,5,59,1,2,86631.58668834178
29,4,34,4,1,29,2,2,91726.36289556637
20,4,43,4,5,44,1,4,107343.91913311365
18,1,37,5,3,27,2,4,89819.705193386
50,2,25,1,5,30,1,1,65302.038376731456
57,2,10,3,3,24,1,1,66143.81742442683
27,4,34,4,3,56,2,2,100973.77179425271
60,3,7,1,4,57,2,1,79016.63612847395
61,2,45,4,3,48,2,1,87036.91171469308
46,3,13,3,3,24,2,2,81142.6441293102
30,4,9,4,2,28,1,1,76358.49091910629
29,4,1,5,1,21,2,1,66986.59179920351
48,1,45,5,4,20,2,3,75219.81777427632
63,2,8,4,4,59,1,4,112022.97175270307
19,3,2,1,4,49,2,2,74449.51700491767
68,1,20,1,2,30,2,3,81920.57128836881
67,2,25,1,3,47,1,4,112014.70840545643
52,1,7,4,1,31,2,4,96053.79480768454
40,4,47,1,5,58,2,4,129100.59475398305
34,2,1,3,3,45,2,3,77973.92499107975
43,1,5,5,2,32,2,3,70312.37149182773
25,1,27,3,3,27,2,4,89691.22162567388
46,3,28,1,3,47,2,1,70415.33965098571
43,1,25,3,2,49,1,1,55554.00712795699
27,2,24,1,4,28,2,3,71176.51563153027
43,2,11,4,4,58,1,3,94974.0732242214
51,3,4,3,1,50,1,3,99764.38193895832
68,2,33,4,1,40,1,4,115490.87042384717
58,4,47,4,4,53,1,1,112194.46154813805
24,2,36,2,5,50,2,3,79732.63662131803
21,2,14,1,3,44,2,3,84642.87957029267
67,1,43,5,5,31,2,2,78796.34042795906
62,1,35,1,3,20,1,4,97832.43771207551
28,2,14,5,4,41,2,2,80140.87628310299
46,3,42,1,1,59,2,1,81444.54811369164
53,1,47,4,1,56,2,2,71428.14297852376
42,3,22,3,5,20,1,2,83809.59394063156
38,2,5,3,1,20,1,2,66136.31587416498
53,2,45,2,4,40,2,4,111335.4792086693
27,4,49,5,5,34,1,1,79732.01103336115
54,1,43,5,3,36,1,2,86077.72308102383
26,2,42,5,1,41,2,4,98333.67919417968
41,4,44,4,2,57,1,1,84475.17686137091
52,1,20,5,1,54,1,3,84722.73401011927
66,2,22,3,3,35,2,2,82651.8508791648
52,2,42,4,5,27,1,1,69211.43078748522
65,1,15,1,3,36,1,2,70347.79644716589
53,1,46,5,2,36,1,3,97635.59261603012
35,1,14,5,4,45,1,1,45593.07692410889
66,2,24,1,1,32,1,4,114037.82175997068
56,2,35,5,5,36,1,1,70782.60289061686
49,4,10,1,4,57,1,4,117257.93413713605
41,3,14,4,3,36,1,1,71688.24651449753
40,1,3,3,5,33,2,4,85553.45918542854
49,2,20,1,4,25,2,3,91043.13266377257
54,2,12,2,5,54,2,3,80388.90422729528
29,1,21,1,2,33,2,3,63475.771431654546
66,3,18,5,2,27,1,1,87437.77359510942
30,1,33,4,1,34,2,3,68081.96518695605
40,3,13,4,1,46,2,2,84514.72025155055
42,2,3,1,2,32,1,3,76109.87652385607
52,3,47,3,5,50,1,4,124558.0055107922
58,4,45,2,2,54,1,4,138756.34797997787
47,2,26,4,1,25,1,4,104109.54953086184
34,4,28,5,2,24,1,1,83362.78406176799
66,1,46,5,2,41,2,2,90169.50072449766
37,1,27,3,5,42,1,3,70329.62934195512
65,1,34,4,4,44,2,2,75956.64034424319
42,3,7,1,1,53,2,2,88837.71785151897
39,2,15,5,5,45,1,4,102901.0988591874
30,1,41,3,2,24,2,4,81428.28523214038
36,1,35,4,2,45,2,4,86030.56967337208
66,2,29,4,4,39,1,1,73388.93255034747
53,1,17,4,1,25,2,2,59624.52517978027
29,4,1,4,1,25,2,2,76092.94408912963
58,2,48,4,3,37,2,1,69913.53677484923
36,2,12,5,1,23,1,1,54379.507630971835
29,2,3,3,4,36,1,1,53854.18257916977
26,4,25,4,3,33,1,2,89117.36415821186
24,2,24,2,3,33,2,2,63207.188733621595
45,4,29,2,2,32,1,4,118680.0644185956
31,2,10,3,2,26,2,4,90018.3074757563
48,3,6,1,1,34,1,2,76819.92721425286
69,1,30,1,3,38,2,4,108997.20266041544
36,3,43,1,2,54,1,1,83126.92639507135
64,1,9,2,4,36,1,3,82072.09681155981
33,4,38,1,2,54,2,4,118207.8192032561
22,3,12,5,2,38,1,2,79316.56112422585
52,2,30,4,3,39,2,4,105234.7420450505
29,1,6,2,3,55,1,4,84891.22722975815
42,1,48,3,5,54,1,4,96238.47303099613
69,3,41,3,4,51,2,3,124131.53694240138
38,4,41,4,3,59,2,1,90500.39814125748
53,3,35,2,1,43,2,2,96688.27885959596
40,4,19,1,4,36,1,3,108031.53269366793
33,4,3,1,4,26,2,2,82224.43131836144
56,1,6,5,3,20,1,2,63883.80431538732
62,3,0,5,4,54,2,2,96946.22819779988
59,3,43,1,3,51,2,3,112382.06414716809
56,4,44,3,2,55,2,1,91161.94496094114
31,3,41,3,5,32,2,2,91865.5221231239
48,2,46,5,2,25,2,1,73840.3593364855
22,2,12,4,3,33,2,1,50538.131619225096
52,3,21,1,3,56,1,4,115232.49509100018
40,3,20,5,2,34,2,3,96093.37928765042
46,4,21,5,1,23,1,3,109237.60049578713
60,2,27,1,1,59,2,4,102084.99632164976
28,2,8,1,1,35,2,4,99411.74854742877
35,1,25,3,3,47,2,1,47600.5784541654
64,4,8,4,4,35,1,2,102840.47183505622
29,1,14,4,3,23,1,3,66924.33441389573
26,2,9,1,4,45,2,2,75534.25109344425
27,4,23,2,2,47,1,2,88709.38079496652
61,3,41,5,5,51,2,4,132292.53647176814
34,4,7,5,4,21,2,2,87583.63734730557
55,3,23,1,1,50,1,1,76790.57568897025
24,3,15,2,3,22,1,4,96973.53734051403
63,4,48,3,2,27,1,2,108557.45639142544
30,3,25,1,1,43,1,4,99029.64757547886
57,1,26,1,2,34,2,1,62588.61384736121
59,2,36,5,5,50,1,1,76310.51374924928
26,3,3,1,3,28,1,2,74582.1085272927
67,1,49,1,3,58,2,4,110966.76389799158
44,3,23,1,5,21,1,2,80494.48551492965
19,2,18,5,3,27,1,2,64991.669961451575
22,1,35,3,4,26,1,4,76778.0085987321
46,2,38,3,2,58,1,2,67801.64738608364
54,2,9,1,1,35,2,1,66693.26473977108
55,1,24,5,5,54,2,4,95629.63136383005
36,1,17,3,4,49,1,4,88660.65252198317
25,1,18,3,1,29,1,4,88444.35867969858
65,4,35,3,1,57,2,4,146188.69846574028
62,1,9,5,5,37,1,2,71524.3853888908
18,1,32,5,4,24,1,2,48867.42414376972
39,1,49,1,1,48,1,1,61423.41640958961
69,1,4,4,1,58,1,3,88148.87204066823
34,3,46,3,4,53,1,3,102108.88261173472
24,4,48,4,3,42,1,1,76595.69618886572
42,2,34,5,1,24,1,3,88653.46208011376
62,1,43,5,2,49,1,1,64890.129238532616
21,3,33,5,4,25,1,2,80771.26708015733
53,3,32,4,1,23,2,4,111400.11154623693
23,3,20,5,5,48,2,4,104005.51267867484
48,2,16,1,2,42,2,2,71176.1635840724
36,1,21,5,1,25,1,4,87855.86928305346
61,4,47,2,2,51,1,4,130718.07965365899
56,4,36,4,2,37,2,3,118055.88403487255
44,3,14,2,3,34,1,2,89016.00486673994
27,2,34,5,2,59,2,3,84150.0855072161
43,2,27,1,3,51,1,3,85404.16544627033
36,2,6,3,4,28,2,4,93884.06253567961
56,4,31,5,3,56,2,4,126395.09300506726
20,3,10,1,5,29,2,2,68328.77200401385
62,1,9,4,1,39,1,4,97977.31329747864
30,4,8,2,4,25,2,4,115153.38018053853
67,3,13,2,4,22,1,2,93532.76676899735
45,3,12,2,5,30,1,4,107514.28754922561
37,1,24,4,3,36,1,3,78387.56446811426
45,1,1,1,1,51,1,2,64601.859483364984
25,1,34,4,3,23,1,4,83927.65099916449
58,2,6,2,2,23,1,1,71042.66773031473
56,1,20,5,3,36,1,2,69761.31424866
18,3,17,3,4,38,2,2,55724.946830432724
20,1,2,4,1,24,2,1,31910.36453207267
30,3,41,4,3,51,2,4,114893.41005417652
45,4,38,1,1,41,1,4,124081.17609301173
66,2,40,1,1,25,1,2,87054.3486453605
42,4,48,4,2,54,1,2,108533.92496601604
50,4,10,2,2,41,1,4,120643.37541885053
55,3,38,3,4,20,2,4,105637.33397125422
23,4,23,1,5,39,1,3,90423.48969495828
61,3,45,2,1,41,2,2,101743.24010408453
62,1,18,5,5,30,1,2,72765.54529202636
49,1,3,1,4,32,2,1,59173.28239414611
62,3,25,2,1,22,1,3,101633.65658097912
64,1,37,2,1,28,2,4,100052.49618998103
38,2,41,3,5,31,1,3,83427.4846346999
33,4,31,3,3,42,2,4,114397.02911159773
38,2,38,5,2,33,1,4,90090.48049373188
28,4,44,2,3,52,2,3,104671.57667974735
54,1,45,2,5,37,2,2,75290.65568115049
53,2,35,3,2,28,1,4,105018.34578767158
52,1,39,1,3,42,2,3,96847.76631866404
36,4,36,1,2,29,1,1,90717.42288588491
37,3,32,4,1,38,1,3,92845.50264519457
35,3,35,3,3,24,1,1,59880.31652673702
64,2,2,4,2,42,2,4,106203.99823534221
58,1,8,3,2,49,2,3,85832.55069085311
66,1,7,5,2,44,1,3,82697.57963308583
31,2,32,2,3,47,1,1,56895.12183037138
32,3,5,5,4,53,2,3,98862.77484656266
48,4,40,3,3,44,2,3,113312.24214427348
18,2,38,2,5,29,2,4,92261.2509284787
20,4,3,1,3,33,1,3,86898.47151072777
33,3,12,1,2,49,1,2,79965.29770637603
40,1,48,4,1,44,1,1,56518.30823182744
28,3,1,3,3,33,1,3,81773.13380598355
29,2,4,3,3,54,1,1,61176.502057608464
27,1,43,1,2,53,2,1,45105.61495183493
49,2,26,5,1,29,1,1,67550.28412755644
33,2,31,2,1,54,2,3,85024.3917225475
25,3,20,5,5,30,2,3,89074.12241017938
55,2,7,5,3,30,1,1,63692.116838908216
29,3,37,1,1,40,2,2,86235.9653095947
41,1,7,1,1,40,1,1,45201.48700873924
45,3,49,1,4,41,2,2,98237.76595837656
25,1,2,4,4,26,1,1,38655.986526627894
45,3,43,5,1,36,1,4,107857.48735492438
53,4,2,3,5,21,2,1,85451.07727951412
43,4,21,2,1,31,1,1,81355.75128241174
25,2,5,4,2,37,2,3,66510.81036930229
67,3,1,3,3,30,1,2,93862.34041879435
45,3,22,5,5,35,1,4,115182.9785763885
45,1,43,1,2,37,1,2,77060.67870180066
54,2,1,5,5,54,2,4,101408.24058700117
58,3,37,2,2,45,2,1,85876.59027662869
53,2,16,4,3,35,1,3,91202.68171396456
44,4,34,4,3,25,2,3,115999.01315785677
34,3,33,2,4,31,1,2,78197.55708813341
26,3,22,3,2,32,2,3,85876.7027389773
50,2,29,3,4,23,2,2,74076.39845275097
37,3,7,4,2,58,1,2,75354.24738443557
30,2,21,4,4,21,1,4,91588.93590526041
45,3,43,1,3,45,1,2,99856.49165888794
65,1,35,3,5,46,1,4,103407.5777074247
46,2,4,2,4,46,1,3,82290.51689228433
30,3,12,3,2,34,2,2,77434.29851116035
63,4,28,1,2,27,2,2,108095.59089386328
52,3,30,4,3,26,1,1,77118.18431281715
23,4,46,4,2,59,1,2,100567.67665977089
35,4,15,1,1,31,1,2,85088.1905285624
68,1,41,2,5,32,2,1,67565.15181743819
22,2,29,4,4,36,1,1,55679.93952421481
64,3,15,5,5,36,1,3,108364.81876308913
42,1,11,4,3,55,2,2,65686.14046149081
19,3,16,5,4,40,2,3,78307.90038821426
27,4,15,1,4,27,2,3,108240.05702103165
47,2,11,1,1,24,2,1,60120.1504247695
67,3,7,4,3,45,1,4,120201.33759292329
62,3,19,3,2,35,2,3,109133.8054658649
22,4,2,5,1,55,2,4,104467.47318675235
50,3,15,2,1,47,1,2,89334.63210435388
18,3,29,4,5,48,1,1,60614.048811733526
35,4,44,2,5,31,1,2,97027.75370737116
49,1,22,4,5,56,2,2,69919.88675722215
64,4,27,3,1,49,1,1,98093.59263652335
66,1,39,3,2,42,2,2,75867.313267572
28,2,4,3,4,35,2,1,47905.417829968974
38,1,19,3,5,33,2,4,78924.29661571598
43,1,39,1,2,29,1,2,64097.34960336896
42,2,43,1,3,26,2,1,52632.3787815093
39,1,0,5,5,56,1,3,72364.49897156087
44,4,29,2,4,48,1,2,96328.79864018537
66,1,20,4,3,22,1,4,99054.55481812535
30,2,19,4,3,34,2,1,56123.03862217144
50,4,5,1,4,55,2,2,104535.39884240535
51,2,21,4,5,38,2,2,92371.55092387056
58,2,17,1,1,32,1,2,86887.69506575317
52,3,7,5,4,40,2,4,109134.46205312456
18,3,38,2,4,56,2,1,64533.04625145055
38,2,31,5,4,46,2,3,92443.31521177858
65,2,32,3,3,48,2,3,93683.27652713584
23,2,15,3,2,39,2,3,74773.9853691826
45,3,11,3,1,44,1,1,72109.2353247807
34,3,37,5,5,25,1,3,97070.65742409405
22,1,33,4,5,55,1,4,86919.3317307039
48,1,13,2,2,21,1,1,48027.19729803485
22,2,35,3,4,41,2,2,66078.13669147408
55,4,32,3,1,51,1,4,131775.52127416353
20,4,22,3,5,35,2,2,79655.39672040618
40,3,49,2,5,37,1,3,107380.59217387141
54,3,44,3,4,24,1,4,120445.8761672012
54,3,1,2,2,55,1,1,78307.54774097422
27,2,40,3,1,49,2,4,98804.7029914046
27,4,20,5,2,38,2,2,84865.546915296
36,1,1,5,2,42,1,1,43368.54288906191
34,2,26,2,1,53,2,4,96026.3889193064
38,1,8,5,1,32,1,4,85899.83346129925
31,1,0,2,5,48,1,4,81705.07490354327
26,2,10,5,5,55,1,4,89136.42770153645
63,1,2,5,1,41,2,1,63797.90871653827
18,4,22,2,3,55,1,2,84780.26788831923
68,1,25,4,5,28,1,4,97733.44627205416
62,4,3,5,3,58,1,1,93571.7075464926
30,4,17,3,1,38,2,2,83034.85244188581
21,4,5,4,5,57,1,4,99613.88125032149
18,3,34,2,2,25,2,2,73524.47712217367
66,1,21,4,1,34,1,2,73012.93103144558
57,2,42,1,4,39,2,1,73479.22823665076
49,2,14,1,3,28,1,2,70666.33540927776
51,1,21,5,1,51,1,1,65394.66069851285
45,3,36,5,1,23,2,4,107842.5362803593
48,3,41,3,5,37,2,2,89590.00310914595
25,4,11,4,5,24,1,2,84189.41633791618
56,1,46,1,5,39,2,3,82166.92850838658
43,1,48,5,4,42,1,4,88147.25113375648
51,2,41,4,5,30,1,4,108104.76417846707
20,1,37,5,1,56,1,3,69575.26184768915
67,3,17,5,5,41,2,3,104542.52446552922
29,1,44,1,2,23,1,1,51766.8658647366
18,2,34,1,5,48,2,1,50940.39170446004
61,4,29,5,4,53,1,2,106877.43850225538
22,2,23,2,2,32,2,2,59919.347660137435
47,2,41,5,1,28,2,2,81417.18593124911
47,4,29,5,1,50,1,2,107460.38096358387
34,2,13,3,3,26,2,1,46194.80035333942
65,2,5,3,2,23,1,4,105513.28844375323
64,1,2,3,3,38,1,2,76382.94220943176
40,1,15,2,2,49,1,4,86242.61126347113
32,4,6,2,2,50,1,2,83044.78812852058
54,1,13,5,4,54,1,3,85804.81763563702
38,1,8,3,3,40,2,2,65608.2675168855
31,2,14,2,4,50,1,2,74252.61088822734
19,3,20,1,2,38,2,2,75029.54668957414
28,1,34,5,1,50,2,1,50789.56868804321
68,3,1,4,2,51,1,3,103354.9372230785
56,1,26,5,4,21,2,2,74676.22475171971
55,1,1,4,3,29,1,2,70099.78406676254
51,4,34,3,3,21,2,4,117759.70840672366
55,4,17,4,4,21,2,3,111872.39863923246
67,4,13,3,3,43,2,2,109814.11937759892
51,3,19,1,5,36,1,4,117110.56886037753
35,2,17,4,1,51,2,4,96175.05190436389
47,1,9,5,1,35,1,1,48262.16212926928
32,1,24,3,1,35,2,4,81539.41910067978
44,1,1,5,3,58,2,2,59863.750707720195
68,3,24,2,3,50,2,1,88044.69667442508
51,4,32,3,2,43,2,1,89115.57301715655
69,2,35,4,2,20,1,2,99225.18210384353
55,3,30,3,1,30,1,3,108473.38571219066
50,4,13,5,5,40,2,4,126447.74033444548
41,3,0,1,2,23,2,1,68306.76245413865
32,2,45,3,2,26,1,3,83063.41176665742
47,4,15,4,3,45,1,2,95873.05020590963
59,3,45,2,5,31,1,4,120230.6535009169
68,2,2,1,1,50,1,4,110841.16636350568
34,1,34,2,2,36,2,1,53145.84905111724
22,2,40,3,5,52,2,4,94803.54313840262
46,1,5,5,5,30,1,4,85047.00761328434
21,3,24,5,1,47,1,4,97379.42184756008
27,4,12,4,5,51,1,4,104586.75621108373
34,4,33,5,5,20,1,2,97016.89582523325
27,3,7,1,5,47,1,3,98977.64784132707
34,4,20,5,2,26,1,2,94896.68390464125
37,4,33,4,1,21,2,2,85954.67187034627
41,1,3,3,5,43,2,1,53485.08284820446
22,3,24,3,5,23,2,4,102368.88150810408
51,2,14,5,2,38,1,2,75982.81150689321
23,1,3,2,1,45,1,4,79294.63619819515
19,3,44,3,3,30,1,2,74518.4848373869
30,1,11,5,2,59,2,2,67694.6449740687
60,2,31,4,1,30,1,1,74526.85461107657
60,2,31,5,5,22,1,3,90914.22254314476
65,3,27,3,1,31,2,3,111899.0404900467
28,2,12,4,1,22,1,2,68993.90336745123
68,1,30,5,1,46,2,1,69890.65825567937
64,2,13,1,3,21,2,4,108147.20845871634
40,1,19,4,1,35,1,4,86701.23285385601
33,1,17,1,3,21,2,2,51378.597734268835
48,2,28,2,5,49,1,3,92191.33120789746
28,3,5,4,3,39,2,1,65465.19816481779
33,4,31,1,5,57,1,3,106609.86566008381
25,2,28,3,5,47,2,4,97153.82713369795
21,1,42,3,3,44,1,3,69539.09219401208
57,1,1,2,2,51,2,4,92717.04586274586
21,2,22,4,4,29,2,1,55405.59998996952
42,3,18,4,1,59,2,1,76559.26258401522
20,3,30,4,4,52,1,2,75741.39209422204
49,1,4,2,1,32,1,2,69269.02688004312
20,1,18,4,1,56,2,3,64556.32141024736
44,3,33,3,5,35,1,1,72215.25520491325
46,4,9,1,1,41,2,1,68802.75594467962
49,2,24,3,1,39,1,2,76380.15725711276
67,1,1,3,3,46,2,4,105143.58339461141
68,1,10,1,4,35,1,3,76888.53656913781
36,3,49,3,3,53,2,3,96990.39929885391
38,2,30,2,1,51,2,2,78845.34277945085
22,3,14,1,5,45,2,1,51325.66613053636
35,2,8,3,3,44,2,2,67146.50693245117
45,2,22,5,3,21,1,2,79754.31607805373
59,2,18,3,2,31,2,2,91965.12900924495
39,1,8,2,1,59,1,2,65401.23282833516
38,4,34,4,5,28,1,4,113367.66490879441
23,3,20,3,3,31,2,4,93349.3563067586
18,4,8,4,3,45,1,1,70074.53984665452
22,3,27,5,5,28,1,2,76004.8166058255
58,2,45,3,1,29,1,4,119639.64380029125
29,1,6,1,2,51,2,1,50204.02426268601
43,4,15,4,3,53,1,2,96870.53243944245
63,1,15,5,2,39,1,3,84673.96373370291
51,3,32,1,4,58,2,4,133673.55854651105
66,1,3,1,1,21,2,1,61882.97399997948
31,1,3,1,4,20,1,3,61756.24143211228
43,4,38,1,4,55,2,2,100226.88538204262
62,2,39,3,4,43,1,2,84862.7262999845
44,1,16,3,1,46,1,2,54077.25237074805
26,2,36,3,1,21,1,4,92913.25495603662
43,3,38,5,5,50,2,1,87512.27108278657
64,1,28,5,2,33,1,3,80397.21398876348
39,4,35,5,2,21,2,1,81926.3129793951
64,3,37,2,5,48,2,4,121065.47610431201
47,3,38,5,5,34,1,1,80807.51262784927
60,4,49,3,4,31,2,4,131588.34921637716
65,1,36,3,5,56,2,2,75299.726727912
34,1,34,2,3,47,2,3,71944.48143025133
43,3,6,2,2,39,2,2,78398.49734007896
53,1,26,5,5,58,2,1,69121.59103993604
18,2,27,4,3,43,1,2,71316.29638465075
25,4,21,2,3,40,2,3,97143.26056443651
66,2,13,1,3,29,1,2,90089.01716725674
52,1,6,3,3,33,1,3,77284.08080301913
69,3,36,1,4,56,1,3,114466.68620774907
32,4,21,3,3,37,1,2,90035.58920275587
64,1,4,3,4,43,1,4,98674.12639311817
39,1,1,2,4,33,1,1,43872.77603567499
31,3,26,2,3,53,2,4,106759.32871091111
43,3,20,1,2,31,2,4,112086.61252823261
45,2,37,3,3,41,2,2,80697.69819603024
40,4,14,1,3,25,1,1,78763.9145106216
31,4,20,4,3,55,2,1,82220.90107140398
41,3,9,1,2,55,2,4,111883.53030429305
19,2,22,5,1,41,2,2,63736.92090693539
62,4,38,1,1,33,1,1,93179.09471460925
43,3,4,5,4,35,2,4,106496.01651737117
31,1,0,5,4,55,1,1,37780.181350883504
68,4,12,5,2,44,2,2,105948.39002248073
24,2,20,4,5,51,1,2,55292.2004584287
20,2,25,1,1,52,1,2,58421.04108281749
64,2,49,1,4,55,1,1,72919.07075291645
40,1,44,4,1,39,2,3,85886.75871226526
63,4,20,3,2,37,2,1,93119.90907984662
60,4,17,2,2,57,1,3,111639.75488391833
64,1,36,1,5,22,2,2,78955.33021722679
62,4,44,2,5,42,1,4,139043.2723968326
35,1,31,4,2,51,1,3,79892.42778073686
55,1,35,3,4,35,2,2,72806.44935753707
